Model,MAE,MSE,RMSE,R2,Adjusted_R2,MAPE_percent
Multiple Linear Regression,34525.08337705066,1970938929.311019,44395.25795973055,0.9752497184162219,0.9747656567866072,7.276077375092423
Ridge Regression,34515.75013272077,1971015361.3306015,44396.118764263636,0.9752487586127604,0.9747646782114794,7.274657018248256
Lasso Regression,34510.58638435909,1975707428.921119,44448.93057117482,0.9751898374598275,0.9747046046890587,7.2756104405052255
CatBoost Regressor,35992.37569135681,2187637284.4816275,46772.18494449054,0.97252850507498,0.9719912224361403,7.71138145796326
XGBoost Regressor,37498.26751041667,2305735158.412937,48018.071165061774,0.9710454780817148,0.970479190663245,7.934340457837257
HistGradientBoosting Regressor,38120.522921474716,2424647329.387914,49240.7080512447,0.9695522254640917,0.9689567332750391,8.0494450555855
Gradient Boosting Regressor,41389.84661268071,2835538688.9742684,53249.77642182424,0.964392412189888,0.9636960052854385,9.030176860378953
Extra Trees Regressor,45609.21442198176,3366359869.8309383,58020.34013887663,0.9577265670429617,0.9568997907181216,9.93423279942749
Random Forest Regressor,47448.93056194699,3714804014.1443553,60949.19207130112,0.9533509415176236,0.9524385874826791,10.130505471897614
Decision Tree Regressor,62891.11592149141,6590496355.0888815,81181.87208415978,0.9172391198227873,0.9156204971662601,12.746486428428225
KNN Regressor,82397.54317704008,11683678938.351635,108091.06780095956,0.8532809214135583,0.8504114156248779,17.98118004816512
AdaBoost Regressor,89044.52960234073,12324535074.314415,111015.92261614735,0.8452333002600629,0.8422064005202512,21.49581563361401
Support Vector Regression,132597.1743324539,38248712925.78414,195572.78165886004,0.519687596073219,0.5102937310304334,28.51696819944528
ElasticNet Regression,203635.1502426738,71572764466.55064,267530.8663809667,0.1012171671418548,0.0836389314652074,48.34203791509212
Dummy Baseline,212726.51174166665,81839922044.11147,286076.7764851098,-0.027713789231553765,-0.047813633748837514,47.01245085886755
