Feature,Importance_Mean,Importance_Std
Area_sqft,193209.92596222373,2615.2718662672187
LocationQuality,112242.87071804528,1559.320723751035
PropertyType,65841.0982892507,1269.5054506149806
LotSize_sqft,16020.263969071624,608.5477140570149
HouseAge_years,10125.951076390927,721.1213974180347
DistanceToCity_km,9745.438428399022,734.3818859638731
Furnishing,8362.097424591142,381.7368596706775
CrimeRate,6293.35642636374,346.76444604336075
Bathrooms,5343.8049105668615,387.6048378172756
HasGarden,4730.408247384094,388.8039432016151
SchoolRating,4235.302346010572,254.81291063811926
HasGarage,2763.931794744366,271.20571182187916
Bedrooms,1435.7644235038688,293.7481178907652
ParkingSpaces,1197.4881184647575,242.46511028327555
Floors,32.415849779979,54.94011198389331
